﻿statistics_code;statistics_label;time_code;time_label;time;1_variable_code;1_variable_label;1_variable_attribute_code;1_variable_attribute_label;value;value_unit;value_variable_code;value_variable_label;value_q
21611;Kulturstatistik;JAHR;Jahr;2004;DINSG;Deutschland insgesamt;DG;Deutschland;4870;Anzahl;FILM02;Leinwände;e
21611;Kulturstatistik;JAHR;Jahr;2004;DINSG;Deutschland insgesamt;DG;Deutschland;892,9;Mill. EUR;FILM05;Bruttoeinnahmen aus dem Filmbesuch;e
21611;Kulturstatistik;JAHR;Jahr;2004;DINSG;Deutschland insgesamt;DG;Deutschland;156,7;Mill.;FILM04;Filmbesuche;e
21611;Kulturstatistik;JAHR;Jahr;2004;DINSG;Deutschland insgesamt;DG;Deutschland;5,7;EUR;FILM08;Durchschnittlicher Kino-Eintrittspreis;e
21611;Kulturstatistik;JAHR;Jahr;2004;DINSG;Deutschland insgesamt;DG;Deutschland;1845;Anzahl;FILM11;Kinos;e
21611;Kulturstatistik;JAHR;Jahr;2004;DINSG;Deutschland insgesamt;DG;Deutschland;1,9;Anzahl;FILM07;Filmbesuche je Einwohner;e
21611;Kulturstatistik;JAHR;Jahr;2004;DINSG;Deutschland insgesamt;DG;Deutschland;864260;Anzahl;FILM03;Sitzplätze der Kinos;e
21611;Kulturstatistik;JAHR;Jahr;2004;DINSG;Deutschland insgesamt;DG;Deutschland;22,3;Mill. EUR;FILM09;Filmabgabe der Kinos an die FFA;e
21611;Kulturstatistik;JAHR;Jahr;2004;DINSG;Deutschland insgesamt;DG;Deutschland;870,7;Mill. EUR;FILM10;Nettoeinnahmen aus dem Filmbesuch (einschl. MwSt.);e
21611;Kulturstatistik;JAHR;Jahr;2016;DINSG;Deutschland insgesamt;DG;Deutschland;4739;Anzahl;FILM02;Leinwände;e
21611;Kulturstatistik;JAHR;Jahr;2016;DINSG;Deutschland insgesamt;DG;Deutschland;1023,0;Mill. EUR;FILM05;Bruttoeinnahmen aus dem Filmbesuch;e
21611;Kulturstatistik;JAHR;Jahr;2016;DINSG;Deutschland insgesamt;DG;Deutschland;121,1;Mill.;FILM04;Filmbesuche;e
21611;Kulturstatistik;JAHR;Jahr;2016;DINSG;Deutschland insgesamt;DG;Deutschland;8,45;EUR;FILM08;Durchschnittlicher Kino-Eintrittspreis;e
21611;Kulturstatistik;JAHR;Jahr;2016;DINSG;Deutschland insgesamt;DG;Deutschland;1654;Anzahl;FILM11;Kinos;e
21611;Kulturstatistik;JAHR;Jahr;2016;DINSG;Deutschland insgesamt;DG;Deutschland;1,5;Anzahl;FILM07;Filmbesuche je Einwohner;e
21611;Kulturstatistik;JAHR;Jahr;2016;DINSG;Deutschland insgesamt;DG;Deutschland;787755;Anzahl;FILM03;Sitzplätze der Kinos;e
21611;Kulturstatistik;JAHR;Jahr;2016;DINSG;Deutschland insgesamt;DG;Deutschland;26,3;Mill. EUR;FILM09;Filmabgabe der Kinos an die FFA;e
21611;Kulturstatistik;JAHR;Jahr;2016;DINSG;Deutschland insgesamt;DG;Deutschland;996,7;Mill. EUR;FILM10;Nettoeinnahmen aus dem Filmbesuch (einschl. MwSt.);e
21611;Kulturstatistik;JAHR;Jahr;2005;DINSG;Deutschland insgesamt;DG;Deutschland;4889;Anzahl;FILM02;Leinwände;e
21611;Kulturstatistik;JAHR;Jahr;2005;DINSG;Deutschland insgesamt;DG;Deutschland;745,0;Mill. EUR;FILM05;Bruttoeinnahmen aus dem Filmbesuch;e
21611;Kulturstatistik;JAHR;Jahr;2005;DINSG;Deutschland insgesamt;DG;Deutschland;127,3;Mill.;FILM04;Filmbesuche;e
21611;Kulturstatistik;JAHR;Jahr;2005;DINSG;Deutschland insgesamt;DG;Deutschland;5,85;EUR;FILM08;Durchschnittlicher Kino-Eintrittspreis;e
21611;Kulturstatistik;JAHR;Jahr;2005;DINSG;Deutschland insgesamt;DG;Deutschland;1854;Anzahl;FILM11;Kinos;e
21611;Kulturstatistik;JAHR;Jahr;2005;DINSG;Deutschland insgesamt;DG;Deutschland;1,5;Anzahl;FILM07;Filmbesuche je Einwohner;e
21611;Kulturstatistik;JAHR;Jahr;2005;DINSG;Deutschland insgesamt;DG;Deutschland;858592;Anzahl;FILM03;Sitzplätze der Kinos;e
21611;Kulturstatistik;JAHR;Jahr;2005;DINSG;Deutschland insgesamt;DG;Deutschland;21,3;Mill. EUR;FILM09;Filmabgabe der Kinos an die FFA;e
21611;Kulturstatistik;JAHR;Jahr;2005;DINSG;Deutschland insgesamt;DG;Deutschland;723,7;Mill. EUR;FILM10;Nettoeinnahmen aus dem Filmbesuch (einschl. MwSt.);e
21611;Kulturstatistik;JAHR;Jahr;2015;DINSG;Deutschland insgesamt;DG;Deutschland;4692;Anzahl;FILM02;Leinwände;e
21611;Kulturstatistik;JAHR;Jahr;2015;DINSG;Deutschland insgesamt;DG;Deutschland;1167,1;Mill. EUR;FILM05;Bruttoeinnahmen aus dem Filmbesuch;e
21611;Kulturstatistik;JAHR;Jahr;2015;DINSG;Deutschland insgesamt;DG;Deutschland;139,2;Mill.;FILM04;Filmbesuche;e
21611;Kulturstatistik;JAHR;Jahr;2015;DINSG;Deutschland insgesamt;DG;Deutschland;8,39;EUR;FILM08;Durchschnittlicher Kino-Eintrittspreis;e
21611;Kulturstatistik;JAHR;Jahr;2015;DINSG;Deutschland insgesamt;DG;Deutschland;1648;Anzahl;FILM11;Kinos;e
21611;Kulturstatistik;JAHR;Jahr;2015;DINSG;Deutschland insgesamt;DG;Deutschland;1,7;Anzahl;FILM07;Filmbesuche je Einwohner;e
21611;Kulturstatistik;JAHR;Jahr;2015;DINSG;Deutschland insgesamt;DG;Deutschland;786356;Anzahl;FILM03;Sitzplätze der Kinos;e
21611;Kulturstatistik;JAHR;Jahr;2015;DINSG;Deutschland insgesamt;DG;Deutschland;28,4;Mill. EUR;FILM09;Filmabgabe der Kinos an die FFA;e
21611;Kulturstatistik;JAHR;Jahr;2015;DINSG;Deutschland insgesamt;DG;Deutschland;1138,7;Mill. EUR;FILM10;Nettoeinnahmen aus dem Filmbesuch (einschl. MwSt.);e
21611;Kulturstatistik;JAHR;Jahr;2014;DINSG;Deutschland insgesamt;DG;Deutschland;4637;Anzahl;FILM02;Leinwände;e
21611;Kulturstatistik;JAHR;Jahr;2014;DINSG;Deutschland insgesamt;DG;Deutschland;979,7;Mill. EUR;FILM05;Bruttoeinnahmen aus dem Filmbesuch;e
21611;Kulturstatistik;JAHR;Jahr;2014;DINSG;Deutschland insgesamt;DG;Deutschland;121,7;Mill.;FILM04;Filmbesuche;e
21611;Kulturstatistik;JAHR;Jahr;2014;DINSG;Deutschland insgesamt;DG;Deutschland;8,05;EUR;FILM08;Durchschnittlicher Kino-Eintrittspreis;e
21611;Kulturstatistik;JAHR;Jahr;2014;DINSG;Deutschland insgesamt;DG;Deutschland;1630;Anzahl;FILM11;Kinos;e
21611;Kulturstatistik;JAHR;Jahr;2014;DINSG;Deutschland insgesamt;DG;Deutschland;1,5;Anzahl;FILM07;Filmbesuche je Einwohner;e
21611;Kulturstatistik;JAHR;Jahr;2014;DINSG;Deutschland insgesamt;DG;Deutschland;782742;Anzahl;FILM03;Sitzplätze der Kinos;e
21611;Kulturstatistik;JAHR;Jahr;2014;DINSG;Deutschland insgesamt;DG;Deutschland;24,5;Mill. EUR;FILM09;Filmabgabe der Kinos an die FFA;e
21611;Kulturstatistik;JAHR;Jahr;2014;DINSG;Deutschland insgesamt;DG;Deutschland;955,1;Mill. EUR;FILM10;Nettoeinnahmen aus dem Filmbesuch (einschl. MwSt.);e
21611;Kulturstatistik;JAHR;Jahr;2002;DINSG;Deutschland insgesamt;DG;Deutschland;4868;Anzahl;FILM02;Leinwände;e
21611;Kulturstatistik;JAHR;Jahr;2002;DINSG;Deutschland insgesamt;DG;Deutschland;960,1;Mill. EUR;FILM05;Bruttoeinnahmen aus dem Filmbesuch;e
21611;Kulturstatistik;JAHR;Jahr;2002;DINSG;Deutschland insgesamt;DG;Deutschland;163,9;Mill.;FILM04;Filmbesuche;e
21611;Kulturstatistik;JAHR;Jahr;2002;DINSG;Deutschland insgesamt;DG;Deutschland;5,86;EUR;FILM08;Durchschnittlicher Kino-Eintrittspreis;e
21611;Kulturstatistik;JAHR;Jahr;2002;DINSG;Deutschland insgesamt;DG;Deutschland;1844;Anzahl;FILM11;Kinos;e
21611;Kulturstatistik;JAHR;Jahr;2002;DINSG;Deutschland insgesamt;DG;Deutschland;2,0;Anzahl;FILM07;Filmbesuche je Einwohner;e
21611;Kulturstatistik;JAHR;Jahr;2002;DINSG;Deutschland insgesamt;DG;Deutschland;884790;Anzahl;FILM03;Sitzplätze der Kinos;e
21611;Kulturstatistik;JAHR;Jahr;2002;DINSG;Deutschland insgesamt;DG;Deutschland;20,4;Mill. EUR;FILM09;Filmabgabe der Kinos an die FFA;e
21611;Kulturstatistik;JAHR;Jahr;2002;DINSG;Deutschland insgesamt;DG;Deutschland;939,7;Mill. EUR;FILM10;Nettoeinnahmen aus dem Filmbesuch (einschl. MwSt.);e
21611;Kulturstatistik;JAHR;Jahr;2013;DINSG;Deutschland insgesamt;DG;Deutschland;4610;Anzahl;FILM02;Leinwände;e
21611;Kulturstatistik;JAHR;Jahr;2013;DINSG;Deutschland insgesamt;DG;Deutschland;1023,0;Mill. EUR;FILM05;Bruttoeinnahmen aus dem Filmbesuch;e
21611;Kulturstatistik;JAHR;Jahr;2013;DINSG;Deutschland insgesamt;DG;Deutschland;129,7;Mill.;FILM04;Filmbesuche;e
21611;Kulturstatistik;JAHR;Jahr;2013;DINSG;Deutschland insgesamt;DG;Deutschland;7,89;EUR;FILM08;Durchschnittlicher Kino-Eintrittspreis;e
21611;Kulturstatistik;JAHR;Jahr;2013;DINSG;Deutschland insgesamt;DG;Deutschland;1637;Anzahl;FILM11;Kinos;e
21611;Kulturstatistik;JAHR;Jahr;2013;DINSG;Deutschland insgesamt;DG;Deutschland;1,6;Anzahl;FILM07;Filmbesuche je Einwohner;e
21611;Kulturstatistik;JAHR;Jahr;2013;DINSG;Deutschland insgesamt;DG;Deutschland;781146;Anzahl;FILM03;Sitzplätze der Kinos;e
21611;Kulturstatistik;JAHR;Jahr;2013;DINSG;Deutschland insgesamt;DG;Deutschland;25,1;Mill. EUR;FILM09;Filmabgabe der Kinos an die FFA;e
21611;Kulturstatistik;JAHR;Jahr;2013;DINSG;Deutschland insgesamt;DG;Deutschland;997,9;Mill. EUR;FILM10;Nettoeinnahmen aus dem Filmbesuch (einschl. MwSt.);e
21611;Kulturstatistik;JAHR;Jahr;2003;DINSG;Deutschland insgesamt;DG;Deutschland;4868;Anzahl;FILM02;Leinwände;e
21611;Kulturstatistik;JAHR;Jahr;2003;DINSG;Deutschland insgesamt;DG;Deutschland;849,8;Mill. EUR;FILM05;Bruttoeinnahmen aus dem Filmbesuch;e
21611;Kulturstatistik;JAHR;Jahr;2003;DINSG;Deutschland insgesamt;DG;Deutschland;149,0;Mill.;FILM04;Filmbesuche;e
21611;Kulturstatistik;JAHR;Jahr;2003;DINSG;Deutschland insgesamt;DG;Deutschland;5,7;EUR;FILM08;Durchschnittlicher Kino-Eintrittspreis;e
21611;Kulturstatistik;JAHR;Jahr;2003;DINSG;Deutschland insgesamt;DG;Deutschland;1831;Anzahl;FILM11;Kinos;e
21611;Kulturstatistik;JAHR;Jahr;2003;DINSG;Deutschland insgesamt;DG;Deutschland;1,8;Anzahl;FILM07;Filmbesuche je Einwohner;e
21611;Kulturstatistik;JAHR;Jahr;2003;DINSG;Deutschland insgesamt;DG;Deutschland;877820;Anzahl;FILM03;Sitzplätze der Kinos;e
21611;Kulturstatistik;JAHR;Jahr;2003;DINSG;Deutschland insgesamt;DG;Deutschland;19,6;Mill. EUR;FILM09;Filmabgabe der Kinos an die FFA;e
21611;Kulturstatistik;JAHR;Jahr;2003;DINSG;Deutschland insgesamt;DG;Deutschland;830,2;Mill. EUR;FILM10;Nettoeinnahmen aus dem Filmbesuch (einschl. MwSt.);e
21611;Kulturstatistik;JAHR;Jahr;2000;DINSG;Deutschland insgesamt;DG;Deutschland;4783;Anzahl;FILM02;Leinwände;e
21611;Kulturstatistik;JAHR;Jahr;2000;DINSG;Deutschland insgesamt;DG;Deutschland;824,5;Mill. EUR;FILM05;Bruttoeinnahmen aus dem Filmbesuch;e
21611;Kulturstatistik;JAHR;Jahr;2000;DINSG;Deutschland insgesamt;DG;Deutschland;152,5;Mill.;FILM04;Filmbesuche;e
21611;Kulturstatistik;JAHR;Jahr;2000;DINSG;Deutschland insgesamt;DG;Deutschland;5,41;EUR;FILM08;Durchschnittlicher Kino-Eintrittspreis;e
21611;Kulturstatistik;JAHR;Jahr;2000;DINSG;Deutschland insgesamt;DG;Deutschland;1865;Anzahl;FILM11;Kinos;e
21611;Kulturstatistik;JAHR;Jahr;2000;DINSG;Deutschland insgesamt;DG;Deutschland;1,9;Anzahl;FILM07;Filmbesuche je Einwohner;e
21611;Kulturstatistik;JAHR;Jahr;2000;DINSG;Deutschland insgesamt;DG;Deutschland;873538;Anzahl;FILM03;Sitzplätze der Kinos;e
21611;Kulturstatistik;JAHR;Jahr;2000;DINSG;Deutschland insgesamt;DG;Deutschland;17,3;Mill. EUR;FILM09;Filmabgabe der Kinos an die FFA;e
21611;Kulturstatistik;JAHR;Jahr;2000;DINSG;Deutschland insgesamt;DG;Deutschland;807,1;Mill. EUR;FILM10;Nettoeinnahmen aus dem Filmbesuch (einschl. MwSt.);e
21611;Kulturstatistik;JAHR;Jahr;2012;DINSG;Deutschland insgesamt;DG;Deutschland;4617;Anzahl;FILM02;Leinwände;e
21611;Kulturstatistik;JAHR;Jahr;2012;DINSG;Deutschland insgesamt;DG;Deutschland;1033,0;Mill. EUR;FILM05;Bruttoeinnahmen aus dem Filmbesuch;e
21611;Kulturstatistik;JAHR;Jahr;2012;DINSG;Deutschland insgesamt;DG;Deutschland;135,1;Mill.;FILM04;Filmbesuche;e
21611;Kulturstatistik;JAHR;Jahr;2012;DINSG;Deutschland insgesamt;DG;Deutschland;7,65;EUR;FILM08;Durchschnittlicher Kino-Eintrittspreis;e
21611;Kulturstatistik;JAHR;Jahr;2012;DINSG;Deutschland insgesamt;DG;Deutschland;1652;Anzahl;FILM11;Kinos;e
21611;Kulturstatistik;JAHR;Jahr;2012;DINSG;Deutschland insgesamt;DG;Deutschland;1,7;Anzahl;FILM07;Filmbesuche je Einwohner;e
21611;Kulturstatistik;JAHR;Jahr;2012;DINSG;Deutschland insgesamt;DG;Deutschland;787064;Anzahl;FILM03;Sitzplätze der Kinos;e
21611;Kulturstatistik;JAHR;Jahr;2012;DINSG;Deutschland insgesamt;DG;Deutschland;24,4;Mill. EUR;FILM09;Filmabgabe der Kinos an die FFA;e
21611;Kulturstatistik;JAHR;Jahr;2012;DINSG;Deutschland insgesamt;DG;Deutschland;1008,6;Mill. EUR;FILM10;Nettoeinnahmen aus dem Filmbesuch (einschl. MwSt.);e
21611;Kulturstatistik;JAHR;Jahr;2001;DINSG;Deutschland insgesamt;DG;Deutschland;4792;Anzahl;FILM02;Leinwände;e
21611;Kulturstatistik;JAHR;Jahr;2001;DINSG;Deutschland insgesamt;DG;Deutschland;987,2;Mill. EUR;FILM05;Bruttoeinnahmen aus dem Filmbesuch;e
21611;Kulturstatistik;JAHR;Jahr;2001;DINSG;Deutschland insgesamt;DG;Deutschland;177,9;Mill.;FILM04;Filmbesuche;e
21611;Kulturstatistik;JAHR;Jahr;2001;DINSG;Deutschland insgesamt;DG;Deutschland;5,55;EUR;FILM08;Durchschnittlicher Kino-Eintrittspreis;e
21611;Kulturstatistik;JAHR;Jahr;2001;DINSG;Deutschland insgesamt;DG;Deutschland;1815;Anzahl;FILM11;Kinos;e
21611;Kulturstatistik;JAHR;Jahr;2001;DINSG;Deutschland insgesamt;DG;Deutschland;2,2;Anzahl;FILM07;Filmbesuche je Einwohner;e
21611;Kulturstatistik;JAHR;Jahr;2001;DINSG;Deutschland insgesamt;DG;Deutschland;884033;Anzahl;FILM03;Sitzplätze der Kinos;e
21611;Kulturstatistik;JAHR;Jahr;2001;DINSG;Deutschland insgesamt;DG;Deutschland;20,2;Mill. EUR;FILM09;Filmabgabe der Kinos an die FFA;e
21611;Kulturstatistik;JAHR;Jahr;2001;DINSG;Deutschland insgesamt;DG;Deutschland;967,0;Mill. EUR;FILM10;Nettoeinnahmen aus dem Filmbesuch (einschl. MwSt.);e
21611;Kulturstatistik;JAHR;Jahr;2011;DINSG;Deutschland insgesamt;DG;Deutschland;4640;Anzahl;FILM02;Leinwände;e
21611;Kulturstatistik;JAHR;Jahr;2011;DINSG;Deutschland insgesamt;DG;Deutschland;958,1;Mill. EUR;FILM05;Bruttoeinnahmen aus dem Filmbesuch;e
21611;Kulturstatistik;JAHR;Jahr;2011;DINSG;Deutschland insgesamt;DG;Deutschland;129,6;Mill.;FILM04;Filmbesuche;e
21611;Kulturstatistik;JAHR;Jahr;2011;DINSG;Deutschland insgesamt;DG;Deutschland;7,39;EUR;FILM08;Durchschnittlicher Kino-Eintrittspreis;e
21611;Kulturstatistik;JAHR;Jahr;2011;DINSG;Deutschland insgesamt;DG;Deutschland;1671;Anzahl;FILM11;Kinos;e
21611;Kulturstatistik;JAHR;Jahr;2011;DINSG;Deutschland insgesamt;DG;Deutschland;1,6;Anzahl;FILM07;Filmbesuche je Einwohner;e
21611;Kulturstatistik;JAHR;Jahr;2011;DINSG;Deutschland insgesamt;DG;Deutschland;791983;Anzahl;FILM03;Sitzplätze der Kinos;e
21611;Kulturstatistik;JAHR;Jahr;2011;DINSG;Deutschland insgesamt;DG;Deutschland;22,5;Mill. EUR;FILM09;Filmabgabe der Kinos an die FFA;e
21611;Kulturstatistik;JAHR;Jahr;2011;DINSG;Deutschland insgesamt;DG;Deutschland;935,6;Mill. EUR;FILM10;Nettoeinnahmen aus dem Filmbesuch (einschl. MwSt.);e
21611;Kulturstatistik;JAHR;Jahr;2022;DINSG;Deutschland insgesamt;DG;Deutschland;4911;Anzahl;FILM02;Leinwände;e
21611;Kulturstatistik;JAHR;Jahr;2022;DINSG;Deutschland insgesamt;DG;Deutschland;722,0;Mill. EUR;FILM05;Bruttoeinnahmen aus dem Filmbesuch;e
21611;Kulturstatistik;JAHR;Jahr;2022;DINSG;Deutschland insgesamt;DG;Deutschland;78,0;Mill.;FILM04;Filmbesuche;e
21611;Kulturstatistik;JAHR;Jahr;2022;DINSG;Deutschland insgesamt;DG;Deutschland;9,26;EUR;FILM08;Durchschnittlicher Kino-Eintrittspreis;e
21611;Kulturstatistik;JAHR;Jahr;2022;DINSG;Deutschland insgesamt;DG;Deutschland;1730;Anzahl;FILM11;Kinos;e
21611;Kulturstatistik;JAHR;Jahr;2022;DINSG;Deutschland insgesamt;DG;Deutschland;0,9;Anzahl;FILM07;Filmbesuche je Einwohner;e
21611;Kulturstatistik;JAHR;Jahr;2022;DINSG;Deutschland insgesamt;DG;Deutschland;777844;Anzahl;FILM03;Sitzplätze der Kinos;e
21611;Kulturstatistik;JAHR;Jahr;2022;DINSG;Deutschland insgesamt;DG;Deutschland;7,0;Mill. EUR;FILM09;Filmabgabe der Kinos an die FFA;e
21611;Kulturstatistik;JAHR;Jahr;2022;DINSG;Deutschland insgesamt;DG;Deutschland;715,0;Mill. EUR;FILM10;Nettoeinnahmen aus dem Filmbesuch (einschl. MwSt.);e
21611;Kulturstatistik;JAHR;Jahr;2010;DINSG;Deutschland insgesamt;DG;Deutschland;4699;Anzahl;FILM02;Leinwände;e
21611;Kulturstatistik;JAHR;Jahr;2010;DINSG;Deutschland insgesamt;DG;Deutschland;920,4;Mill. EUR;FILM05;Bruttoeinnahmen aus dem Filmbesuch;e
21611;Kulturstatistik;JAHR;Jahr;2010;DINSG;Deutschland insgesamt;DG;Deutschland;126,6;Mill.;FILM04;Filmbesuche;e
21611;Kulturstatistik;JAHR;Jahr;2010;DINSG;Deutschland insgesamt;DG;Deutschland;7,27;EUR;FILM08;Durchschnittlicher Kino-Eintrittspreis;e
21611;Kulturstatistik;JAHR;Jahr;2010;DINSG;Deutschland insgesamt;DG;Deutschland;1714;Anzahl;FILM11;Kinos;e
21611;Kulturstatistik;JAHR;Jahr;2010;DINSG;Deutschland insgesamt;DG;Deutschland;1,6;Anzahl;FILM07;Filmbesuche je Einwohner;e
21611;Kulturstatistik;JAHR;Jahr;2010;DINSG;Deutschland insgesamt;DG;Deutschland;809510;Anzahl;FILM03;Sitzplätze der Kinos;e
21611;Kulturstatistik;JAHR;Jahr;2010;DINSG;Deutschland insgesamt;DG;Deutschland;25,1;Mill. EUR;FILM09;Filmabgabe der Kinos an die FFA;e
21611;Kulturstatistik;JAHR;Jahr;2010;DINSG;Deutschland insgesamt;DG;Deutschland;895,3;Mill. EUR;FILM10;Nettoeinnahmen aus dem Filmbesuch (einschl. MwSt.);e
21611;Kulturstatistik;JAHR;Jahr;2021;DINSG;Deutschland insgesamt;DG;Deutschland;4931;Anzahl;FILM02;Leinwände;e
21611;Kulturstatistik;JAHR;Jahr;2021;DINSG;Deutschland insgesamt;DG;Deutschland;373,2;Mill. EUR;FILM05;Bruttoeinnahmen aus dem Filmbesuch;e
21611;Kulturstatistik;JAHR;Jahr;2021;DINSG;Deutschland insgesamt;DG;Deutschland;42,1;Mill.;FILM04;Filmbesuche;e
21611;Kulturstatistik;JAHR;Jahr;2021;DINSG;Deutschland insgesamt;DG;Deutschland;8,87;EUR;FILM08;Durchschnittlicher Kino-Eintrittspreis;e
21611;Kulturstatistik;JAHR;Jahr;2021;DINSG;Deutschland insgesamt;DG;Deutschland;1723;Anzahl;FILM11;Kinos;e
21611;Kulturstatistik;JAHR;Jahr;2021;DINSG;Deutschland insgesamt;DG;Deutschland;0,5;Anzahl;FILM07;Filmbesuche je Einwohner;e
21611;Kulturstatistik;JAHR;Jahr;2021;DINSG;Deutschland insgesamt;DG;Deutschland;789688;Anzahl;FILM03;Sitzplätze der Kinos;e
21611;Kulturstatistik;JAHR;Jahr;2021;DINSG;Deutschland insgesamt;DG;Deutschland;4,0;Mill. EUR;FILM09;Filmabgabe der Kinos an die FFA;e
21611;Kulturstatistik;JAHR;Jahr;2021;DINSG;Deutschland insgesamt;DG;Deutschland;369,2;Mill. EUR;FILM10;Nettoeinnahmen aus dem Filmbesuch (einschl. MwSt.);e
21611;Kulturstatistik;JAHR;Jahr;2020;DINSG;Deutschland insgesamt;DG;Deutschland;4926;Anzahl;FILM02;Leinwände;e
21611;Kulturstatistik;JAHR;Jahr;2020;DINSG;Deutschland insgesamt;DG;Deutschland;318,0;Mill. EUR;FILM05;Bruttoeinnahmen aus dem Filmbesuch;e
21611;Kulturstatistik;JAHR;Jahr;2020;DINSG;Deutschland insgesamt;DG;Deutschland;38,1;Mill.;FILM04;Filmbesuche;e
21611;Kulturstatistik;JAHR;Jahr;2020;DINSG;Deutschland insgesamt;DG;Deutschland;8,35;EUR;FILM08;Durchschnittlicher Kino-Eintrittspreis;e
21611;Kulturstatistik;JAHR;Jahr;2020;DINSG;Deutschland insgesamt;DG;Deutschland;1728;Anzahl;FILM11;Kinos;e
21611;Kulturstatistik;JAHR;Jahr;2020;DINSG;Deutschland insgesamt;DG;Deutschland;0,5;Anzahl;FILM07;Filmbesuche je Einwohner;e
21611;Kulturstatistik;JAHR;Jahr;2020;DINSG;Deutschland insgesamt;DG;Deutschland;793624;Anzahl;FILM03;Sitzplätze der Kinos;e
21611;Kulturstatistik;JAHR;Jahr;2020;DINSG;Deutschland insgesamt;DG;Deutschland;7,6;Mill. EUR;FILM09;Filmabgabe der Kinos an die FFA;e
21611;Kulturstatistik;JAHR;Jahr;2020;DINSG;Deutschland insgesamt;DG;Deutschland;310,4;Mill. EUR;FILM10;Nettoeinnahmen aus dem Filmbesuch (einschl. MwSt.);e
21611;Kulturstatistik;JAHR;Jahr;2008;DINSG;Deutschland insgesamt;DG;Deutschland;4810;Anzahl;FILM02;Leinwände;e
21611;Kulturstatistik;JAHR;Jahr;2008;DINSG;Deutschland insgesamt;DG;Deutschland;794,7;Mill. EUR;FILM05;Bruttoeinnahmen aus dem Filmbesuch;e
21611;Kulturstatistik;JAHR;Jahr;2008;DINSG;Deutschland insgesamt;DG;Deutschland;129,4;Mill.;FILM04;Filmbesuche;e
21611;Kulturstatistik;JAHR;Jahr;2008;DINSG;Deutschland insgesamt;DG;Deutschland;6,14;EUR;FILM08;Durchschnittlicher Kino-Eintrittspreis;e
21611;Kulturstatistik;JAHR;Jahr;2008;DINSG;Deutschland insgesamt;DG;Deutschland;1793;Anzahl;FILM11;Kinos;e
21611;Kulturstatistik;JAHR;Jahr;2008;DINSG;Deutschland insgesamt;DG;Deutschland;1,6;Anzahl;FILM07;Filmbesuche je Einwohner;e
21611;Kulturstatistik;JAHR;Jahr;2008;DINSG;Deutschland insgesamt;DG;Deutschland;831913;Anzahl;FILM03;Sitzplätze der Kinos;e
21611;Kulturstatistik;JAHR;Jahr;2008;DINSG;Deutschland insgesamt;DG;Deutschland;19,0;Mill. EUR;FILM09;Filmabgabe der Kinos an die FFA;e
21611;Kulturstatistik;JAHR;Jahr;2008;DINSG;Deutschland insgesamt;DG;Deutschland;775,7;Mill. EUR;FILM10;Nettoeinnahmen aus dem Filmbesuch (einschl. MwSt.);e
21611;Kulturstatistik;JAHR;Jahr;2009;DINSG;Deutschland insgesamt;DG;Deutschland;4734;Anzahl;FILM02;Leinwände;e
21611;Kulturstatistik;JAHR;Jahr;2009;DINSG;Deutschland insgesamt;DG;Deutschland;976,1;Mill. EUR;FILM05;Bruttoeinnahmen aus dem Filmbesuch;e
21611;Kulturstatistik;JAHR;Jahr;2009;DINSG;Deutschland insgesamt;DG;Deutschland;146,3;Mill.;FILM04;Filmbesuche;e
21611;Kulturstatistik;JAHR;Jahr;2009;DINSG;Deutschland insgesamt;DG;Deutschland;6,67;EUR;FILM08;Durchschnittlicher Kino-Eintrittspreis;e
21611;Kulturstatistik;JAHR;Jahr;2009;DINSG;Deutschland insgesamt;DG;Deutschland;1744;Anzahl;FILM11;Kinos;e
21611;Kulturstatistik;JAHR;Jahr;2009;DINSG;Deutschland insgesamt;DG;Deutschland;1,8;Anzahl;FILM07;Filmbesuche je Einwohner;e
21611;Kulturstatistik;JAHR;Jahr;2009;DINSG;Deutschland insgesamt;DG;Deutschland;819320;Anzahl;FILM03;Sitzplätze der Kinos;e
21611;Kulturstatistik;JAHR;Jahr;2009;DINSG;Deutschland insgesamt;DG;Deutschland;20,7;Mill. EUR;FILM09;Filmabgabe der Kinos an die FFA;e
21611;Kulturstatistik;JAHR;Jahr;2009;DINSG;Deutschland insgesamt;DG;Deutschland;955,4;Mill. EUR;FILM10;Nettoeinnahmen aus dem Filmbesuch (einschl. MwSt.);e
21611;Kulturstatistik;JAHR;Jahr;2019;DINSG;Deutschland insgesamt;DG;Deutschland;4961;Anzahl;FILM02;Leinwände;e
21611;Kulturstatistik;JAHR;Jahr;2019;DINSG;Deutschland insgesamt;DG;Deutschland;1024,0;Mill. EUR;FILM05;Bruttoeinnahmen aus dem Filmbesuch;e
21611;Kulturstatistik;JAHR;Jahr;2019;DINSG;Deutschland insgesamt;DG;Deutschland;118,6;Mill.;FILM04;Filmbesuche;e
21611;Kulturstatistik;JAHR;Jahr;2019;DINSG;Deutschland insgesamt;DG;Deutschland;8,63;EUR;FILM08;Durchschnittlicher Kino-Eintrittspreis;e
21611;Kulturstatistik;JAHR;Jahr;2019;DINSG;Deutschland insgesamt;DG;Deutschland;1734;Anzahl;FILM11;Kinos;e
21611;Kulturstatistik;JAHR;Jahr;2019;DINSG;Deutschland insgesamt;DG;Deutschland;1,4;Anzahl;FILM07;Filmbesuche je Einwohner;e
21611;Kulturstatistik;JAHR;Jahr;2019;DINSG;Deutschland insgesamt;DG;Deutschland;798442;Anzahl;FILM03;Sitzplätze der Kinos;e
21611;Kulturstatistik;JAHR;Jahr;2019;DINSG;Deutschland insgesamt;DG;Deutschland;20,6;Mill. EUR;FILM09;Filmabgabe der Kinos an die FFA;e
21611;Kulturstatistik;JAHR;Jahr;2019;DINSG;Deutschland insgesamt;DG;Deutschland;1003,4;Mill. EUR;FILM10;Nettoeinnahmen aus dem Filmbesuch (einschl. MwSt.);e
21611;Kulturstatistik;JAHR;Jahr;2006;DINSG;Deutschland insgesamt;DG;Deutschland;4848;Anzahl;FILM02;Leinwände;e
21611;Kulturstatistik;JAHR;Jahr;2006;DINSG;Deutschland insgesamt;DG;Deutschland;814,4;Mill. EUR;FILM05;Bruttoeinnahmen aus dem Filmbesuch;e
21611;Kulturstatistik;JAHR;Jahr;2006;DINSG;Deutschland insgesamt;DG;Deutschland;136,7;Mill.;FILM04;Filmbesuche;e
21611;Kulturstatistik;JAHR;Jahr;2006;DINSG;Deutschland insgesamt;DG;Deutschland;5,96;EUR;FILM08;Durchschnittlicher Kino-Eintrittspreis;e
21611;Kulturstatistik;JAHR;Jahr;2006;DINSG;Deutschland insgesamt;DG;Deutschland;1823;Anzahl;FILM11;Kinos;e
21611;Kulturstatistik;JAHR;Jahr;2006;DINSG;Deutschland insgesamt;DG;Deutschland;1,7;Anzahl;FILM07;Filmbesuche je Einwohner;e
21611;Kulturstatistik;JAHR;Jahr;2006;DINSG;Deutschland insgesamt;DG;Deutschland;846513;Anzahl;FILM03;Sitzplätze der Kinos;e
21611;Kulturstatistik;JAHR;Jahr;2006;DINSG;Deutschland insgesamt;DG;Deutschland;17,6;Mill. EUR;FILM09;Filmabgabe der Kinos an die FFA;e
21611;Kulturstatistik;JAHR;Jahr;2006;DINSG;Deutschland insgesamt;DG;Deutschland;796,8;Mill. EUR;FILM10;Nettoeinnahmen aus dem Filmbesuch (einschl. MwSt.);e
21611;Kulturstatistik;JAHR;Jahr;2018;DINSG;Deutschland insgesamt;DG;Deutschland;4849;Anzahl;FILM02;Leinwände;e
21611;Kulturstatistik;JAHR;Jahr;2018;DINSG;Deutschland insgesamt;DG;Deutschland;899,3;Mill. EUR;FILM05;Bruttoeinnahmen aus dem Filmbesuch;e
21611;Kulturstatistik;JAHR;Jahr;2018;DINSG;Deutschland insgesamt;DG;Deutschland;105,4;Mill.;FILM04;Filmbesuche;e
21611;Kulturstatistik;JAHR;Jahr;2018;DINSG;Deutschland insgesamt;DG;Deutschland;8,54;EUR;FILM08;Durchschnittlicher Kino-Eintrittspreis;e
21611;Kulturstatistik;JAHR;Jahr;2018;DINSG;Deutschland insgesamt;DG;Deutschland;1672;Anzahl;FILM11;Kinos;e
21611;Kulturstatistik;JAHR;Jahr;2018;DINSG;Deutschland insgesamt;DG;Deutschland;1,3;Anzahl;FILM07;Filmbesuche je Einwohner;e
21611;Kulturstatistik;JAHR;Jahr;2018;DINSG;Deutschland insgesamt;DG;Deutschland;795686;Anzahl;FILM03;Sitzplätze der Kinos;e
21611;Kulturstatistik;JAHR;Jahr;2018;DINSG;Deutschland insgesamt;DG;Deutschland;20,0;Mill. EUR;FILM09;Filmabgabe der Kinos an die FFA;e
21611;Kulturstatistik;JAHR;Jahr;2018;DINSG;Deutschland insgesamt;DG;Deutschland;879,3;Mill. EUR;FILM10;Nettoeinnahmen aus dem Filmbesuch (einschl. MwSt.);e
21611;Kulturstatistik;JAHR;Jahr;2007;DINSG;Deutschland insgesamt;DG;Deutschland;4832;Anzahl;FILM02;Leinwände;e
21611;Kulturstatistik;JAHR;Jahr;2007;DINSG;Deutschland insgesamt;DG;Deutschland;757,9;Mill. EUR;FILM05;Bruttoeinnahmen aus dem Filmbesuch;e
21611;Kulturstatistik;JAHR;Jahr;2007;DINSG;Deutschland insgesamt;DG;Deutschland;125,4;Mill.;FILM04;Filmbesuche;e
21611;Kulturstatistik;JAHR;Jahr;2007;DINSG;Deutschland insgesamt;DG;Deutschland;6,04;EUR;FILM08;Durchschnittlicher Kino-Eintrittspreis;e
21611;Kulturstatistik;JAHR;Jahr;2007;DINSG;Deutschland insgesamt;DG;Deutschland;1812;Anzahl;FILM11;Kinos;e
21611;Kulturstatistik;JAHR;Jahr;2007;DINSG;Deutschland insgesamt;DG;Deutschland;1,5;Anzahl;FILM07;Filmbesuche je Einwohner;e
21611;Kulturstatistik;JAHR;Jahr;2007;DINSG;Deutschland insgesamt;DG;Deutschland;836505;Anzahl;FILM03;Sitzplätze der Kinos;e
21611;Kulturstatistik;JAHR;Jahr;2007;DINSG;Deutschland insgesamt;DG;Deutschland;19,5;Mill. EUR;FILM09;Filmabgabe der Kinos an die FFA;e
21611;Kulturstatistik;JAHR;Jahr;2007;DINSG;Deutschland insgesamt;DG;Deutschland;738,4;Mill. EUR;FILM10;Nettoeinnahmen aus dem Filmbesuch (einschl. MwSt.);e
21611;Kulturstatistik;JAHR;Jahr;2017;DINSG;Deutschland insgesamt;DG;Deutschland;4803;Anzahl;FILM02;Leinwände;e
21611;Kulturstatistik;JAHR;Jahr;2017;DINSG;Deutschland insgesamt;DG;Deutschland;1056,1;Mill. EUR;FILM05;Bruttoeinnahmen aus dem Filmbesuch;e
21611;Kulturstatistik;JAHR;Jahr;2017;DINSG;Deutschland insgesamt;DG;Deutschland;122,3;Mill.;FILM04;Filmbesuche;e
21611;Kulturstatistik;JAHR;Jahr;2017;DINSG;Deutschland insgesamt;DG;Deutschland;8,63;EUR;FILM08;Durchschnittlicher Kino-Eintrittspreis;e
21611;Kulturstatistik;JAHR;Jahr;2017;DINSG;Deutschland insgesamt;DG;Deutschland;1672;Anzahl;FILM11;Kinos;e
21611;Kulturstatistik;JAHR;Jahr;2017;DINSG;Deutschland insgesamt;DG;Deutschland;1,5;Anzahl;FILM07;Filmbesuche je Einwohner;e
21611;Kulturstatistik;JAHR;Jahr;2017;DINSG;Deutschland insgesamt;DG;Deutschland;789279;Anzahl;FILM03;Sitzplätze der Kinos;e
21611;Kulturstatistik;JAHR;Jahr;2017;DINSG;Deutschland insgesamt;DG;Deutschland;23,5;Mill. EUR;FILM09;Filmabgabe der Kinos an die FFA;e
21611;Kulturstatistik;JAHR;Jahr;2017;DINSG;Deutschland insgesamt;DG;Deutschland;1032,6;Mill. EUR;FILM10;Nettoeinnahmen aus dem Filmbesuch (einschl. MwSt.);e
